,Closed-loop recycling,Open to high- and middle-end recycling,Open to low-end recycling,Incineration,Discard or landfill
2020,0.0,0.0,0.0,0.0,0.0
2021,0.0,0.0,0.0,0.0,0.0
2022,0.0,0.0,0.0,0.0,0.0
2023,0.0,0.0,0.0,0.0,0.0
2024,0.0,0.0,0.0,0.0,0.0
2025,0.0,0.0,0.0,0.0,0.0
2026,1.4783743596526105e-06,0.0,0.0,0.0,0.00014635906160560843
2027,1.002726344378511e-05,0.0,0.0,0.0,0.0009926990809347258
2028,8.152488126632405e-05,0.0,0.0,0.0,0.008070963245366082
2029,0.0003287374247589568,0.0,0.0,0.0,0.03254500505113672
2030,0.0009237321307574192,0.0,0.0,0.0,0.09144948094498451
2031,0.0020977271692856556,0.0,0.0,0.0,0.2076749897592799
2032,0.004138875033289735,0.0,0.0,0.0,0.40974862829568376
2033,0.007400782815351187,0.0,0.0,0.0,0.7326774987197675
2034,0.012284340624357817,0.0,0.0,0.0,1.216149721811424
2035,0.019218808698119327,0.0,0.0,0.0,1.9026620611138132
2036,0.028636047925640284,0.0,0.0,0.0,2.8349687446383878
2037,0.04094193105602069,0.0,0.0,0.0,4.053251174546048
2038,0.05646756654176776,0.0,0.0,0.0,5.590289087635008
2039,0.0754289775555222,0.0,0.0,0.0,7.4674687779966975
2040,0.09788481901308439,0.0,0.0,0.0,9.690597082295355
2041,0.12369470005792964,0.0,0.0,0.0,12.245775305735034
2042,0.1524807460876596,0.0,0.0,0.0,15.095593862678301
2043,0.18360252070210792,0.0,0.0,0.0,18.17664954950868
2044,0.21615138780355989,0.0,0.0,0.0,21.398987392552428
2045,0.24896778436989678,0.0,0.0,0.0,24.647810652619782
2046,0.2806925637873658,0.0,0.0,0.0,27.788563814949214
2047,0.30985287680209106,0.0,0.0,0.0,30.675434803407015
2048,0.3349803740127316,0.0,0.0,0.0,33.16305702726043
2049,0.3547520518228695,0.0,0.0,0.0,35.12045313046408
2050,0.3681374617377784,0.0,0.0,0.0,36.445608712040055
