,Closed-loop recycling,Open to high- and middle-end recycling,Open to low-end recycling,Incineration,Discard or landfill
2020,1.462924973897242e-07,0.0,0.0,0.0,1.4482957241582695e-05
2021,5.659112734658475e-07,0.0,0.0,0.0,5.6025216073118903e-05
2022,4.023306149298443e-06,0.0,0.0,0.0,0.00039830730878054587
2023,1.603799659377534e-05,0.0,0.0,0.0,0.0015877616627837587
2024,4.512286532472964e-05,0.0,0.0,0.0,0.004467163667148235
2025,0.00010281586447699099,0.0,0.0,0.0,0.010178770583222108
2026,0.00020406756439465235,0.0,0.0,0.0,0.020202688875070582
2027,0.0003663047496688323,0.0,0.0,0.0,0.0362641702172144
2028,0.0006159182784249335,0.0,0.0,0.0,0.06097590956406842
2029,0.000987526456916132,0.0,0.0,0.0,0.09776511923469706
2030,0.0015238355606690245,0.0,0.0,0.0,0.15085972050623345
2031,0.0022754251899583045,0.0,0.0,0.0,0.22526709380587215
2032,0.0032975241604920737,0.0,0.0,0.0,0.3264548918887153
2033,0.004659797357187555,0.0,0.0,0.0,0.4613199383615679
2034,0.006442860484495477,0.0,0.0,0.0,0.6378431879650521
2035,0.008736138006180717,0.0,0.0,0.0,0.8648776626118909
2036,0.011635355918187274,0.0,0.0,0.0,1.1519002359005401
2037,0.015235577256420952,0.0,0.0,0.0,1.5083221483856741
2038,0.019643534738562958,0.0,0.0,0.0,1.9447099391177327
2039,0.024971222203409794,0.0,0.0,0.0,2.4721509981375696
2040,0.031332549189069074,0.0,0.0,0.0,3.101922369717838
2041,0.0388405864144673,0.0,0.0,0.0,3.8452180550322623
2042,0.04759846189252229,0.0,0.0,0.0,4.712247727359706
2043,0.057722312556585255,0.0,0.0,0.0,5.71450894310194
2044,0.06933409220827878,0.0,0.0,0.0,6.864075128619599
2045,0.08255935780007972,0.0,0.0,0.0,8.173376422207893
2046,0.09752265158706427,0.0,0.0,0.0,9.654742507119362
2047,0.11434086897147377,0.0,0.0,0.0,11.319746028175903
2048,0.13312252775632555,0.0,0.0,0.0,13.179130247876229
2049,0.15396057419454676,0.0,0.0,0.0,15.242096845260129
2050,0.1769262029316687,0.0,0.0,0.0,17.5156940902352
