,Closed-loop recycling,Open to high- and middle-end recycling,Open to low-end recycling,Incineration,Discard or landfill
2020,0.0,0.0,0.0,0.0,0.0
2021,0.0,0.0,0.0,0.0,0.0
2022,0.0,0.0,0.0,0.0,0.0
2023,0.0,0.0,0.0,0.0,0.0
2024,0.0,0.0,0.0,0.0,0.0
2025,0.0,0.0,0.0,0.0,0.0
2026,5.031027939344561,0.5541317916049514,0.8682116786754616,0.0,0.7330926425902075
2027,5.0948229205587054,0.5611583531072522,0.8792208697192738,0.0,0.7423884827099828
2028,5.186483021551674,0.5712540585166206,0.8950387842906319,0.0,0.7557446688546725
2029,5.36788212876577,0.5912338744683446,0.9263430873641502,0.0,0.7821771101915836
2030,6.17497102535988,0.6801289515074959,1.0656235712335336,0.0,0.8997814922667253
2031,8.720460721265463,0.9604964594422396,1.5049023644698114,0.0,1.2706957050986818
2032,8.514905182381066,0.9378559850879724,1.469429351473761,0.0,1.2407433265755268
2033,9.852048034494606,1.0851327192279068,1.7001820036670694,0.0,1.4355841421692142
2034,12.225118358721275,1.3465094649391587,2.1097061396193286,0.0,1.7813743894136713
2035,16.396935932506597,1.8060053719946565,2.829642658066853,0.0,2.389267807308104
2036,20.288668966964007,2.2346519676470376,3.5012445874417892,0.0,2.9563489066147555
2037,28.31316040597948,3.1184923818585997,4.886042538631888,0.0,4.125631944871296
2038,38.726993698730894,4.265501734531649,6.683172626866703,0.0,5.643076224672216
2039,51.53861395978264,5.676610194713206,8.89409223763106,0.0,7.509912319854041
2040,66.6128666032873,7.336931450162078,11.495477550967294,0.0,9.706446276479006
2041,84.3176595707842,9.286987932724953,14.550818965929619,0.0,12.286287537457127
2042,104.16139231395583,11.472633353437145,17.97528027360838,0.0,15.177802880033564
2043,125.10706596147554,13.779649693756818,21.58990509735178,0.0,18.22988675438644
2044,147.37258110501494,16.232037147423803,25.432296853551154,0.0,21.474290389587892
2045,169.8362483894946,18.706249644042924,29.308884007787075,0.0,24.747567622469216
2046,191.6742971315923,21.11155472692254,33.07750727642336,0.0,27.929683296317737
2047,211.87736867098383,23.336778749332666,36.56398019350692,0.0,30.873559434914785
2048,229.42605857875984,25.26964159488914,39.59238268044884,0.0,33.43065425004786
2049,243.3874612586511,26.807390375774304,42.00172188577865,0.0,35.46503006911773
2050,252.98568670888127,27.864566350363948,43.65810136347552,0.0,36.8636286347227
