,Closed-loop recycling,Open to high- and middle-end recycling,Open to low-end recycling,Incineration,Discard or landfill
2020,0.3091413786231963,0.1971505395747931,0.0,0.0,0.0769937018457772
2021,0.3294646233613311,0.2101114013134526,0.0,0.0,0.08205534015791642
2022,0.3469234701158827,0.22124553377201572,0.0,0.0,0.08640358123640852
2023,0.3698648385874738,0.2358760668727663,0.0,0.0,0.09211728055386141
2024,0.4039637286338403,0.2576221514683736,0.0,0.0,0.10060983430125833
2025,0.4569530983229601,0.2914153721380387,0.0,0.0,0.11380718675213347
2026,1.46263966932716,0.9327777513822264,0.0,0.0,0.36428006858714174
2027,1.6137924765537497,1.0291733152361648,0.0,0.0,0.40192567340583957
2028,1.8214956655952335,1.1616330848512997,0.0,0.0,0.45365552426145433
2029,2.1091343408790135,1.3450705796549178,0.0,0.0,0.5252938358415656
2030,2.6267245252081635,1.6751563953214323,0.0,0.0,0.6542030892971274
2031,5.045720674211644,3.2178369582708215,0.0,0.0,1.2566700547093153
2032,5.8007128193031425,3.699322514951815,0.0,0.0,1.4447058342415375
2033,6.782467404498681,4.325422608906706,0.0,0.0,1.689218296969483
2034,8.048979786943187,5.133122958465655,0.0,0.0,2.004651569578303
2035,9.66541417933709,6.163981118143275,0.0,0.0,2.407235229570747
2036,14.482377863609175,9.235931543207359,0.0,0.0,3.606931845276247
2037,17.02618565110431,10.858208962402369,0.0,0.0,4.240483973482583
2038,20.138787604789194,12.843226812110842,0.0,0.0,5.015698044966365
2039,23.906481372295286,15.246020195916614,0.0,0.0,5.9540670587603355
2040,28.701624600046884,18.304054933614804,0.0,0.0,7.148329145672054
2041,38.768953536443085,24.72435150059955,0.0,0.0,9.655663899642429
2042,45.041755509090954,28.724742192590078,0.0,0.0,11.217946655094352
2043,52.32523376357924,33.36967738130147,0.0,0.0,13.031945012815962
2044,60.72055450091648,38.72367437982975,0.0,0.0,15.122855083247124
2045,70.33237756837477,44.85347852473711,0.0,0.0,17.516743092500885
2046,82.22267690538705,52.436348667963806,0.0,0.0,20.47810066322847
2047,94.57427775745668,60.31340732456671,0.0,0.0,23.554348422611852
2048,108.43622494295656,69.15366798248927,0.0,0.0,27.006757910321255
2049,123.88716249322226,79.00728475982852,0.0,0.0,30.85491594170819
2050,140.9880539462929,89.91313629027735,0.0,0.0,35.11400588851068
