,Closed-loop recycling,Open to high- and middle-end recycling,Open to low-end recycling,Incineration,Discard or landfill
2020,0.0,0.0,0.0,0.0,0.0
2021,0.0,0.0,0.0,0.0,0.0
2022,0.0,0.0,0.0,0.0,0.0
2023,0.0,0.0,0.0,0.0,0.0
2024,0.0,0.0,0.0,0.0,0.0
2025,0.0,0.0,0.0,0.0,0.0
2026,3.043610618552484,2.587793694964505,0.8754003874312859,0.0,0.7391625787913175
2027,3.082186707564056,2.6205925554074394,0.8864956054136619,0.0,0.7485310575512707
2028,3.137488744060361,2.6676124535808454,0.902401524482123,0.0,0.7619615521289448
2029,3.2467127828157385,2.7604788922464296,0.9338164384860507,0.0,0.7884873901123937
2030,3.733917159111056,3.174718613139424,1.0739456971919419,0.0,0.9068084529269707
2031,5.271462867322005,4.48199854743021,1.5161731294583292,0.0,1.280212410635344
2032,5.1427865728445665,4.3725930599114164,1.4791633761895802,0.0,1.248962453405109
2033,5.944856967478283,5.054543864491655,1.7098540992175633,0.0,1.4437509778161544
2034,7.370219928268048,6.266441753296476,2.1198156365113814,0.0,1.7899105540079543
2035,9.879463080360825,8.399895871421073,2.841521762160923,0.0,2.3992981766590575
2036,12.213962122014253,10.384775889931644,3.512968153188862,0.0,2.966247943917747
2037,17.042620324470388,14.490285042543753,4.901782226657198,0.0,4.138922078799951
2038,23.309950889484345,19.819008244368714,6.70438587488026,0.0,5.660988073160484
2039,31.020589989872075,26.37488734615076,8.922112549467968,0.0,7.533571854683218
2040,40.09265208573502,34.088300142418994,11.53141040942093,0.0,9.736786935107077
2041,50.748967514139764,43.14870547452217,14.596369704066866,0.0,12.324749253433941
2042,62.692924375211476,53.30391260568577,18.031679201251304,0.0,15.225424491122787
2043,75.29847557218139,64.02163244482375,21.657275831236934,0.0,18.286772638958336
2044,88.69938797716094,75.41559868248613,25.511633494383435,0.0,21.541279937310513
2045,102.21949304231882,86.91090706050488,29.400273236933604,0.0,24.82473402456314
2046,115.36330211793967,98.08627425313395,33.18068308535027,0.0,28.016801942928204
2047,127.52329398601252,108.42516257715495,36.67812836550075,0.0,30.96994282517447
2048,138.0858694573734,117.40586662673346,39.71612626297788,0.0,33.535139725362114
2049,146.4894614412772,124.55092066828595,42.13315938596735,0.0,35.57601206431018
2050,152.26688261467623,129.463104242145,43.7948557615545,0.0,36.97910006356423
