,Closed-loop recycling,Open to high- and middle-end recycling,Open to low-end recycling,Incineration,Discard or landfill
2020,0.24497996041838196,0.2613119577796074,0.0,0.0,0.0769937018457772
2021,0.261085173229734,0.27849085144504965,0.0,0.0,0.08205534015791642
2022,0.2749204857522089,0.29324851813568953,0.0,0.0,0.08640358123640852
2023,0.2931004381259226,0.3126404673343175,0.0,0.0,0.09211728055386141
2024,0.32012220004945835,0.34146368005275557,0.0,0.0,0.10060983430125833
2025,0.36211377602951555,0.38625469443148325,0.0,0.0,0.11380718675213347
2026,1.1590729455045419,1.2363444752048447,0.0,0.0,0.36428006858714174
2027,1.2788544153822168,1.364111376407698,0.0,0.0,0.40192567340583957
2028,1.4434493953773546,1.5396793550691783,0.0,0.0,0.45365552426145433
2029,1.6713894776777087,1.7828154428562226,0.0,0.0,0.5252938358415656
2030,2.081555284127224,2.220325636402372,0.0,0.0,0.6542030892971274
2031,3.9984956286205477,4.265062003861918,0.0,0.0,1.2566700547093153
2032,4.596791290768528,4.90324404348643,0.0,0.0,1.4447058342415375
2033,5.3747854903574455,5.733104523047942,0.0,0.0,1.689218296969483
2034,6.3784368122946,6.803665933114241,0.0,0.0,2.004651569578303
2035,7.659384821361467,8.170010476118899,0.0,0.0,2.407235229570747
2036,11.476601325878967,12.241708080937565,0.0,0.0,3.606931845276247
2037,13.49244900653549,14.39194560697119,0.0,0.0,4.240483973482583
2038,15.959039233983887,17.02297518291615,0.0,0.0,5.015698044966365
2039,18.94475882332834,20.20774274488356,0.0,0.0,5.9540670587603355
2040,22.744683645320173,24.260995888341515,0.0,0.0,7.148329145672054
2041,30.722566953407725,32.77073808363491,0.0,0.0,9.655663899642429
2042,35.69346662984566,38.07303107183537,0.0,0.0,11.217946655094352
2043,41.465279586232604,44.22963155864811,0.0,0.0,13.031945012815962
2044,48.11817526487721,51.32605361586902,0.0,0.0,15.122855083247124
2045,55.73509165795736,59.450764435154525,0.0,0.0,17.516743092500885
2046,65.15759301936332,69.50143255398754,0.0,0.0,20.47810066322847
2047,74.9456540719468,79.94203101007659,0.0,0.0,23.554348422611852
2048,85.93059335102217,91.65929957442364,0.0,0.0,27.006757910321255
2049,98.17473254179878,104.71971471125202,0.0,0.0,30.85491594170819
2050,111.72638237253399,119.17480786403627,0.0,0.0,35.11400588851068
