,Closed-loop recycling,Open to high- and middle-end recycling,Open to low-end recycling,Incineration,Discard or landfill
2020,0.0,0.0,0.0,0.0,0.0
2021,0.0,0.0,0.0,0.0,0.0
2022,0.0,0.0,0.0,0.0,0.0
2023,0.0,0.0,0.0,0.0,0.0
2024,0.0,0.0,0.0,0.0,0.0
2025,0.0,0.0,0.0,0.0,0.0
2026,7.405157831084936e-06,0.0,0.0,0.0,2.7857498507414762e-05
2027,2.5700869631544657e-05,0.0,0.0,0.0,9.668422385200133e-05
2028,0.00017834154789335196,0.0,0.0,0.0,0.000670903918265467
2029,0.0007060025347736935,0.0,0.0,0.0,0.0026559142974819897
2030,0.001975944521766092,0.0,0.0,0.0,0.0074333151056914905
2031,0.004483079726976744,0.0,0.0,0.0,0.01686491897291251
2032,0.008838450243165577,0.0,0.0,0.0,0.033249408057622894
2033,0.015799958169290466,0.0,0.0,0.0,0.05943793787494985
2034,0.02622264838455049,0.0,0.0,0.0,0.0986471058275947
2035,0.0410230946875251,0.0,0.0,0.0,0.15432497525307062
2036,0.06112119873295226,0.0,0.0,0.0,0.22993212856682044
2037,0.08738647920005173,0.0,0.0,0.0,0.3287396122287661
2038,0.12052410694394722,0.0,0.0,0.0,0.45340021183675383
2039,0.16099504566924788,0.0,0.0,0.0,0.6056480289462183
2040,0.20892430520279973,0.0,0.0,0.0,0.7859533386200561
2041,0.2640126610238253,0.0,0.0,0.0,0.9931904867086762
2042,0.3254533605842517,0.0,0.0,0.0,1.224324546959804
2043,0.39187900622669114,0.0,0.0,0.0,1.4742114996146956
2044,0.4613508390665879,0.0,0.0,0.0,1.7355579183933545
2045,0.5313936479725055,0.0,0.0,0.0,1.9990522947537115
2046,0.5991065613387989,0.0,0.0,0.0,2.253781825988815
2047,0.6613459438812117,0.0,0.0,0.0,2.48792045555313
2048,0.7149777586838474,0.0,0.0,0.0,2.6896782350487594
2049,0.7571781878303064,0.0,0.0,0.0,2.8484322304092484
2050,0.7857478114937145,0.0,0.0,0.0,2.95590843371445
