,Closed-loop recycling,Open to high- and middle-end recycling,Open to low-end recycling,Incineration,Discard or landfill
2020,9.771632264984814e-07,0.0,0.0,0.0,3.675994994922859e-06
2021,8.23637611264249e-06,0.0,0.0,0.0,3.098446251898842e-05
2022,6.881921177244013e-05,0.0,0.0,0.0,0.0002588913204772748
2023,0.0002795428896212162,0.0,0.0,0.0,0.0010516137276226705
2024,0.000789767875964683,0.0,0.0,0.0,0.0029710315333909506
2025,0.0018019299564524737,0.0,0.0,0.0,0.006778688883797401
2026,0.003573588506829513,0.0,0.0,0.0,0.013443499620930074
2027,0.006419855707168657,0.0,0.0,0.0,0.024150885755539236
2028,0.010799169489181746,0.0,0.0,0.0,0.04062544712596943
2029,0.017318914340806252,0.0,0.0,0.0,0.06515210632969971
2030,0.02672837867995137,0.0,0.0,0.0,0.10054961503410279
2031,0.039906065690480025,0.0,0.0,0.0,0.15012281854990106
2032,0.05783867717768234,0.0,0.0,0.0,0.21758359509699549
2033,0.08173973088755022,0.0,0.0,0.0,0.30749708286268895
2034,0.11302363730218222,0.0,0.0,0.0,0.425184159374876
2035,0.15325935672573973,0.0,0.0,0.0,0.5765471038730209
2036,0.20411318415750837,0.0,0.0,0.0,0.7678543594496744
2037,0.2672793872470223,0.0,0.0,0.0,1.0054795996435602
2038,0.3446174634841786,0.0,0.0,0.0,1.296418076916672
2039,0.43809235076353753,0.0,0.0,0.0,1.6480617004914033
2040,0.549702598226482,0.0,0.0,0.0,2.067928821899623
2041,0.6814104576013809,0.0,0.0,0.0,2.563401245262338
2042,0.8350684543637039,0.0,0.0,0.0,3.1414479949872676
2043,1.0126926686250806,0.0,0.0,0.0,3.8096533724467316
2044,1.2164227867652626,0.0,0.0,0.0,4.576066674021702
2045,1.4484617142112017,0.0,0.0,0.0,5.448975020127855
2046,1.710990172814153,0.0,0.0,0.0,6.436582078681814
2047,2.0060678664003246,0.0,0.0,0.0,7.546636259315507
2048,2.335594368805118,0.0,0.0,0.0,8.78628357788592
2049,2.7012004317776133,0.0,0.0,0.0,10.161658767163402
2050,3.1041351735053335,0.0,0.0,0.0,11.67746089080578
