,Closed-loop recycling,Open to high- and middle-end recycling,Open to low-end recycling,Incineration,Discard or landfill
2020,7.961895840534254,0.5838723616391781,0.0,0.0,0.3007827317535163
2021,8.487122548946834,0.6223889869227672,0.0,0.0,0.3206246296268804
2022,8.95195063274709,0.6564763797347861,0.0,0.0,0.3381848016815568
2023,9.59562495186045,0.7036791631364325,0.0,0.0,0.36250138707028373
2024,10.601753153273844,0.7774618979067479,0.0,0.0,0.4005106746792341
2025,12.220252734892153,0.8961518672254237,0.0,0.0,0.4616539922070369
2026,38.56503868847417,2.82810283715477,0.0,0.0,1.4569014615645797
2027,43.17156268851515,3.1659145971577756,0.0,0.0,1.630925701566128
2028,49.61891257191734,3.6387202552739355,0.0,0.0,1.8744922527168775
2029,58.66165636105235,4.301854799810502,0.0,0.0,2.2161070180842
2030,74.37006627593864,5.453804860235496,0.0,0.0,2.8095358370910155
2031,139.99707648741028,10.266452275743411,0.0,0.0,5.288778445079943
2032,163.94977673659437,12.022983627350245,0.0,0.0,6.193658232271344
2033,195.27282123990446,14.320006890926315,0.0,0.0,7.376973246840835
2034,235.85593647845434,17.29610200841997,0.0,0.0,8.91011315585272
2035,287.83030116556796,21.1075554188083,0.0,0.0,10.87358915514368
2036,425.1386982439469,31.176837871222748,0.0,0.0,16.06079526699355
2037,507.2685770256242,37.19969564854575,0.0,0.0,19.16347957652358
2038,608.0339558905333,44.58915676530574,0.0,0.0,22.970171666975702
2039,730.3007233538028,53.55538637927883,0.0,0.0,27.58913843781033
2040,884.3815661504397,64.85464818436552,0.0,0.0,33.40997027679439
2041,1180.2727672801477,86.55333626721077,0.0,0.0,44.58808231947225
2042,1385.0387499462477,101.56950832939141,0.0,0.0,52.32368610908047
2043,1623.2898010310394,119.04125207560946,0.0,0.0,61.324281372283714
2044,1898.474902826983,139.22149287397863,0.0,0.0,71.72016299568602
2045,2214.1749801389938,162.3728318768594,0.0,0.0,83.64661036080643
2046,2598.6477420888546,190.56750108651585,0.0,0.0,98.17113692335674
2047,3005.914632073,220.43373968535317,0.0,0.0,113.55677498942445
2048,3463.805706790749,254.01241849798805,0.0,0.0,130.8548822565394
2049,3975.0408166027983,291.5029932175383,0.0,0.0,150.1682086272168
2050,4541.740051103619,333.0609370809318,0.0,0.0,171.5768463750256
