,Closed-loop recycling,Open to high- and middle-end recycling,Open to low-end recycling,Incineration,Discard or landfill
2020,0.0,0.0,0.0,0.0,0.0
2021,0.0,0.0,0.0,0.0,0.0
2022,0.0,0.0,0.0,0.0,0.0
2023,0.0,0.0,0.0,0.0,0.0
2024,0.0,0.0,0.0,0.0,0.0
2025,0.0,0.0,0.0,0.0,0.0
2026,5.042123176196446,0.5553538526924947,0.8701263995493296,0.0,0.7347093771029106
2027,5.106091145883784,0.5623994676394858,0.8811654434610874,0.0,0.7440304241144943
2028,5.198223998155012,0.5725472432253597,0.8970649413958935,0.0,0.757455496874016
2029,5.380958968640478,0.5926741949745445,0.9285997763025282,0.0,0.7840825925733267
2030,6.1921571873871954,0.6820218844965045,1.0685894117662476,0.0,0.9022857615907056
2031,8.74773032974535,0.9635000120333814,1.5096083197617691,0.0,1.2746692766200367
2032,8.549452920010804,0.9416611716183337,1.4753913039104363,0.0,1.2457774254872886
2033,9.901970476403621,1.090631319615314,1.708797190785082,0.0,1.442858555133099
2034,12.298965393151565,1.3546431883028378,2.1224500278467273,0.0,1.7921349572877994
2035,16.506652036252362,1.8180898171357973,2.8485765228275506,0.0,2.4052550109967727
2036,20.443314407631327,2.251685058326252,3.527931972059806,0.0,2.9788829565405646
2037,28.533223164683317,3.142730722852979,4.924019083276779,0.0,4.157698232568141
2038,39.030453946011384,4.2989257131964,6.7355411952545365,0.0,5.687294717847373
2039,51.94439160291406,5.721303703692396,8.964117865188598,0.0,7.569039919281763
2040,67.13990805600335,7.394981301596946,11.586429847378865,0.0,9.783243745303345
2041,84.98525932618935,9.360519277213148,14.66602760943382,0.0,12.383566358959019
2042,104.986388249099,11.563500762865056,18.117651000701656,0.0,15.298016573440139
2043,126.1015922417323,13.889189659767954,21.76153191828752,0.0,18.374803440938134
2044,148.5458056083711,16.361259446293456,25.634761882130327,0.0,21.64524596007693
2045,171.19039190498668,18.85539887982069,29.542570488746275,0.0,24.944885677583773
2046,193.20448297944785,21.280093768164914,33.341573634167574,0.0,28.152653234148115
2047,213.57071802853451,23.523289085714318,36.85620391120996,0.0,31.120304627015027
2048,231.26162693889106,25.47181633855502,39.9091493345972,0.0,33.69812278252412
2049,245.33693446233642,27.022110924351647,42.33814526150035,0.0,35.74909616451188
2050,255.01481225839558,28.088060035889022,44.00827045830599,0.0,37.15930121479478
