,Closed-loop recycling,Open to high- and middle-end recycling,Open to low-end recycling,Incineration,Discard or landfill
2020,7.833090535141732,0.5744266392437266,0.0,0.0,0.2959167535497988
2021,8.350057357942502,0.6123375395824496,0.0,0.0,0.3154466113000501
2022,8.80936005073596,0.6460197370539699,0.0,0.0,0.33279804636113625
2023,9.449562424448347,0.6929679111262115,0.0,0.0,0.35698346936804864
2024,10.456222808425464,0.7667896726178668,0.0,0.0,0.3950128616516287
2025,12.081885328935046,0.8860049241219027,0.0,0.0,0.4564267790931018
2026,38.058746524901025,2.790974745159406,0.0,0.0,1.437774868718483
2027,42.684520028229244,3.130198135403475,0.0,0.0,1.6125263121775493
2028,49.17184908834445,3.6059355998119234,0.0,0.0,1.8576031877819015
2029,58.28310623061417,4.274094456911702,0.0,0.0,2.2018062353787577
2030,74.03631874334121,5.429330041178351,0.0,0.0,2.796927596970668
2031,139.02249666933614,10.19498308908464,0.0,0.0,5.251960985286032
2032,163.17867554522027,11.966436206649476,0.0,0.0,6.164527742819432
2033,194.78462605943358,14.284205911025118,0.0,0.0,7.358530317800825
2034,235.74855410516847,17.288227301045673,0.0,0.0,8.906056488417477
2035,288.2223760012002,21.13630757342133,0.0,0.0,10.888400871156453
2036,424.9927600137928,31.166135734344778,0.0,0.0,16.055282044965505
2037,507.92058347345807,37.24750945472023,0.0,0.0,19.18811093121953
2038,609.6750611227845,44.70950448233749,0.0,0.0,23.032168975749638
2039,733.1493910905461,53.76428867997334,0.0,0.0,27.696754774531744
2040,888.5377674143297,65.15943627705079,0.0,0.0,33.56698232454134
2041,1184.138990479246,86.83685930181132,0.0,0.0,44.73413964032708
2042,1390.9315748126758,102.00164881959614,0.0,0.0,52.54630393736775
2043,1631.5428711581044,119.64647721826088,0.0,0.0,61.63606402152839
2044,1909.4547265883155,140.02667994980968,0.0,0.0,72.1349563377808
2045,2228.2824123717414,163.4073769072609,0.0,0.0,84.17955780071023
2046,2615.908627010695,191.83329931411745,0.0,0.0,98.82321479818181
2047,3027.2065386563154,221.99514616812962,0.0,0.0,114.36113590479414
2048,3489.62737651477,255.9060076110829,0.0,0.0,131.83036755722466
2049,4005.9175177676225,293.76728463629206,0.0,0.0,151.3346617823324
2050,4578.2178021257205,335.7359721558859,0.0,0.0,172.9548947469717
