,Closed-loop recycling,Open to high- and middle-end recycling,Open to low-end recycling,Incineration,Discard or landfill
2020,0.0,0.0,0.0,0.0,0.0
2021,0.0,0.0,0.0,0.0,0.0
2022,0.0,0.0,0.0,0.0,0.0
2023,0.0,0.0,0.0,0.0,0.0
2024,0.0,0.0,0.0,0.0,0.0
2025,0.0,0.0,0.0,0.0,0.0
2026,9.96825699936952,10.632807465994155,0.0,0.0,3.132880771230421
2027,10.089000014097754,10.761600015037605,0.0,0.0,3.1708285758592942
2028,10.223208938406037,10.90475620096644,0.0,0.0,3.213008523499041
2029,10.418698743566708,11.11327865980449,0.0,0.0,3.2744481765495372
2030,11.62335810005584,12.398248640059563,0.0,0.0,3.653055402874693
2031,15.888565925073797,16.947803653412052,0.0,0.0,4.993549290737479
2032,14.126033326939675,15.067768882068988,0.0,0.0,4.439610474181041
2033,14.607026341675482,15.580828097787181,0.0,0.0,4.5907797073837235
2034,16.05774271090469,17.12825889163167,0.0,0.0,5.046719137712903
2035,19.700264275245008,21.01361522692801,0.0,0.0,6.191511629362718
2036,21.123210224365533,22.531424239323233,0.0,0.0,6.638723213372025
2037,28.795400112771684,30.715093453623133,0.0,0.0,9.049982892585387
2038,39.03615605216448,41.63856645564211,0.0,0.0,12.268506187823123
2039,51.71274861889616,55.16026519348924,0.0,0.0,16.252578137367365
2040,66.51284403075003,70.94703363280003,0.0,0.0,20.904036695378583
2041,84.25396404640583,89.8708949828329,0.0,0.0,26.47981727172755
2042,104.20944240607461,111.15673856647959,0.0,0.0,32.75153904190917
2043,124.74800963146795,133.06454360689915,0.0,0.0,39.206517312747074
2044,146.90547724534858,156.6991757283718,0.0,0.0,46.170292848538125
2045,169.23275957644705,180.5149435482102,0.0,0.0,53.18743872402622
2046,191.00704743386495,203.74085059612264,0.0,0.0,60.030786336357565
2047,211.2168943141601,225.2980206017708,0.0,0.0,66.38245249873603
2048,228.8313946316013,244.08682094037474,0.0,0.0,71.918438312789
2049,242.89728671636615,259.0904391641239,0.0,0.0,76.33914725371508
2050,252.57969266568867,269.4183388434013,0.0,0.0,79.38218912350216
