,Closed-loop recycling,Open to high- and middle-end recycling,Open to low-end recycling,Incineration,Discard or landfill
2020,2.5449314243635165e-06,0.0,0.0,0.0,9.573789644034181e-06
2021,1.015090206876126e-05,0.0,0.0,0.0,3.818672683010189e-05
2022,7.287232801679218e-05,0.0,0.0,0.0,0.00027413875777745634
2023,0.0002908470303722753,0.0,0.0,0.0,0.0010941388285433213
2024,0.0008185224341239382,0.0,0.0,0.0,0.0030792034426567203
2025,0.001865229142261316,0.0,0.0,0.0,0.00701681439231638
2026,0.003701885676815208,0.0,0.0,0.0,0.013926141355638164
2027,0.006645305310806929,0.0,0.0,0.0,0.024999005693035592
2028,0.011173976006200768,0.0,0.0,0.0,0.04203543354713623
2029,0.017915970239856846,0.0,0.0,0.0,0.06739817375946147
2030,0.02764609870755075,0.0,0.0,0.0,0.10400199037602426
2031,0.04128140294653096,0.0,0.0,0.0,0.1552967063226641
2032,0.059825103817113576,0.0,0.0,0.0,0.22505634293104634
2033,0.0845405140445525,0.0,0.0,0.0,0.31803336235807844
2034,0.11689022653501366,0.0,0.0,0.0,0.4397298998221943
2035,0.1584966495177114,0.0,0.0,0.0,0.5962493005666286
2036,0.21109560972410057,0.0,0.0,0.0,0.7941215794382832
2037,0.27641362723351137,0.0,0.0,0.0,1.0398417405451144
2038,0.35638622737601006,0.0,0.0,0.0,1.3406910458430856
2039,0.4530452892663632,0.0,0.0,0.0,1.7043132310496523
2040,0.568457448136286,0.0,0.0,0.0,2.138482781084124
2041,0.7046726378892928,0.0,0.0,0.0,2.6509113520597207
2042,0.8635648511038307,0.0,0.0,0.0,3.2486487255810776
2043,1.0472396534879893,0.0,0.0,0.0,3.9396158393119602
2044,1.2579096255574338,0.0,0.0,0.0,4.732136210430347
2045,1.4978527190942201,0.0,0.0,0.0,5.634779276592543
2046,1.7693281754502677,0.0,0.0,0.0,6.656044088598627
2047,2.0744574041542023,0.0,0.0,0.0,7.8039111870562845
2048,2.4152089186433163,0.0,0.0,0.0,9.085785932039142
2049,2.793269022278916,0.0,0.0,0.0,10.508012036192115
2050,3.209929383854144,0.0,0.0,0.0,12.075448634498922
