,Closed-loop recycling,Open to high- and middle-end recycling,Open to low-end recycling,Incineration,Discard or landfill
2020,0.0,0.0,0.0,0.0,0.0
2021,0.0,0.0,0.0,0.0,0.0
2022,0.0,0.0,0.0,0.0,0.0
2023,0.0,0.0,0.0,0.0,0.0
2024,0.0,0.0,0.0,0.0,0.0
2025,0.0,0.0,0.0,0.0,0.0
2026,3.0252739057178673,2.572203123171073,0.8701263995493296,0.0,0.7347093771029106
2027,3.0636546875302706,2.6048359259929996,0.8811654434610874,0.0,0.7440304241144943
2028,3.118934398893007,2.651836842487364,0.8970649413958935,0.0,0.757455496874016
2029,3.2285753811842866,2.7450577824307354,0.9285997763025282,0.0,0.7840825925733267
2030,3.7152943124323174,3.1588847594513827,1.0685894117662476,0.0,0.9022857615907056
2031,5.24863819784721,4.462592143931521,1.5096083197617691,0.0,1.2746692766200367
2032,5.129671752006483,4.361442339622656,1.4753913039104363,0.0,1.2457774254872886
2033,5.941182285842173,5.051419510176762,1.708797190785082,0.0,1.442858555133099
2034,7.379379235890939,6.274229345563463,2.1224500278467273,0.0,1.7921349572877994
2035,9.903991221751417,8.420750631636743,2.8485765228275506,0.0,2.4052550109967727
2036,12.265988644578796,10.429010821378782,3.527931972059806,0.0,2.9788829565405646
2037,17.11993389880999,14.556019988726305,4.924019083276779,0.0,4.157698232568141
2038,23.418272367606832,19.911107291600953,6.7355411952545365,0.0,5.687294717847373
2039,31.166634961748436,26.499060344858016,8.964117865188598,0.0,7.569039919281763
2040,40.28394483360201,34.250944523998285,11.586429847378865,0.0,9.783243745303345
2041,50.99115559571361,43.354623007688886,14.66602760943382,0.0,12.383566358959019
2042,62.99183294945939,53.55805606250465,18.117651000701656,0.0,15.298016573440139
2043,75.66095534503938,64.32982655646087,21.76153191828752,0.0,18.374803440938134
2044,89.12748336502266,75.77958168964189,25.634761882130327,0.0,21.64524596007693
2045,102.71423514299201,87.33155564181536,29.542570488746275,0.0,24.944885677583773
2046,115.9226897876687,98.56188695994405,33.341573634167574,0.0,28.152653234148115
2047,128.1424308171207,108.95157629712811,36.85620391120996,0.0,31.120304627015027
2048,138.75697616333463,117.97646711411143,39.9091493345972,0.0,33.69812278252412
2049,147.20216067740185,125.15688470928622,42.33814526150035,0.0,35.74909616451188
2050,153.00888735503736,130.09398493924724,44.00827045830599,0.0,37.15930121479478
