,Closed-loop recycling,Open to high- and middle-end recycling,Open to low-end recycling,Incineration,Discard or landfill
2020,1.50139799939976e-08,0.0,0.0,0.0,1.4863840194057623e-06
2021,5.934189144928645e-08,0.0,0.0,0.0,5.874847253479358e-06
2022,4.247945728172586e-07,0.0,0.0,0.0,4.2054662708908604e-05
2023,1.6948233304087694e-06,0.0,0.0,0.0,0.00016778750971046817
2024,4.76930911721713e-06,0.0,0.0,0.0,0.0004721616026044959
2025,1.0867907271400944e-05,0.0,0.0,0.0,0.0010759228198686935
2026,2.1569668511772787e-05,0.0,0.0,0.0,0.002135397182665506
2027,3.871939608822023e-05,0.0,0.0,0.0,0.003833220212733803
2028,6.51055164248599e-05,0.0,0.0,0.0,0.00644544612606113
2029,0.00010438746565432691,0.0,0.0,0.0,0.010334359099778364
2030,0.00016107964367694606,0.0,0.0,0.0,0.01594688472401766
2031,0.00024052619654508012,0.0,0.0,0.0,0.02381209345796293
2032,0.00034857027367504663,0.0,0.0,0.0,0.03450845709382962
2033,0.0004925735359742694,0.0,0.0,0.0,0.04876478006145267
2034,0.0006810577162369887,0.0,0.0,0.0,0.06742471390746188
2035,0.0009234757042447493,0.0,0.0,0.0,0.09142409472023018
2036,0.0012299427657370178,0.0,0.0,0.0,0.12176433380796475
2037,0.0016105153061528122,0.0,0.0,0.0,0.1594410153091284
2038,0.0020764721159170904,0.0,0.0,0.0,0.2055707394757919
2039,0.0026396518492975037,0.0,0.0,0.0,0.26132553308045287
2040,0.0033120956655245688,0.0,0.0,0.0,0.3278974708869323
2041,0.004105749940146839,0.0,0.0,0.0,0.4064692440745371
2042,0.00503152835925875,0.0,0.0,0.0,0.49812130756661627
2043,0.006101701430985215,0.0,0.0,0.0,0.6040684416675363
2044,0.007329160658308733,0.0,0.0,0.0,0.7255869051725646
2045,0.008727178426835304,0.0,0.0,0.0,0.863990664256695
2046,0.010308918619408244,0.0,0.0,0.0,1.020582943321416
2047,0.012086740509089563,0.0,0.0,0.0,1.1965873103998665
2048,0.01407211406510197,0.0,0.0,0.0,1.3931392924450952
2049,0.01627486445923149,0.0,0.0,0.0,1.6112115814639174
2050,0.01870251754236724,0.0,0.0,0.0,1.851549236694357
