,Closed-loop recycling,Open to high- and middle-end recycling,Open to low-end recycling,Incineration,Discard or landfill
2020,0.0,0.0,0.0,0.0,0.0
2021,0.0,0.0,0.0,0.0,0.0
2022,0.0,0.0,0.0,0.0,0.0
2023,0.0,0.0,0.0,0.0,0.0
2024,0.0,0.0,0.0,0.0,0.0
2025,0.0,0.0,0.0,0.0,0.0
2026,0.00015015995451941777,0.0001287910379147314,0.0,0.0,9.81815087242347e-06
2027,0.0001528654081706379,0.00013111148470020098,0.0,0.0,9.995045918849403e-06
2028,0.00015616835371668115,0.0001339443956877688,0.0,0.0,1.0211007743013766e-05
2029,0.0001614799713241854,0.00013850012925112825,0.0,0.0,1.0558305817350584e-05
2030,0.00017889911158572067,0.0001534403918600604,0.0,0.0,1.1697249603681736e-05
2031,0.0002502696083936968,0.00021465431796843993,0.0,0.0,1.6363782087280177e-05
2032,0.00023838592201621896,0.00020446177157544933,0.0,0.0,1.5586771824137395e-05
2033,0.0002673444107705148,0.000229299244622403,0.0,0.0,1.748021147345674e-05
2034,0.00032106901824840105,0.00027537842718997475,0.0,0.0,2.099297427008776e-05
2035,0.0004206386803632836,0.0003607785604654317,0.0,0.0,2.750329833144547e-05
2036,0.0005031456082869603,0.0004315441178768928,0.0,0.0,3.2897982080301244e-05
2037,0.0006977033279011938,0.0005984147773921776,0.0,0.0,4.5619063747385745e-05
2038,0.0009519619851586674,0.0008164904718860877,0.0,0.0,6.224366826037441e-05
2039,0.0012655825983202357,0.00108548045932851,0.0,0.0,8.274963142863081e-05
2040,0.0016354529253073834,0.0014027153936290247,0.0,0.0,0.00010693346050086738
2041,0.002071547558798263,0.0017767504062000483,0.0,0.0,0.00013544734038296334
2042,0.0025616516317878667,0.002197108899571901,0.0,0.0,0.00016749260669382207
2043,0.0030769033399988,0.0026390363262297403,0.0,0.0,0.00020118214146146003
2044,0.003627943232835794,0.003111659003547623,0.0,0.0,0.00023721167291618653
2045,0.004185500136263998,0.0035898712707187366,0.0,0.0,0.00027366731660187683
2046,0.004730218990384676,0.004057072441753009,0.0,0.0,0.0003092835493713057
2047,0.005237485254603789,0.004492150814525557,0.0,0.0,0.0003424509589548631
2048,0.005682282157240001,0.004873649696402,0.0,0.0,0.0003715338333580001
2049,0.006041541577337664,0.005181783737485765,0.0,0.0,0.0003950238723643857
2050,0.006295664099021076,0.005399742669544999,0.0,0.0,0.00041163957570522426
