,Closed-loop recycling,Open to high- and middle-end recycling,Open to low-end recycling,Incineration,Discard or landfill
2020,0.39592160735321064,0.25249340242525503,0.0,0.0,0.09860689088796945
2021,0.4218759596103413,0.2690454232986705,0.0,0.0,0.10507099371427368
2022,0.44361400848491334,0.2829085563545296,0.0,0.0,0.1104849983396388
2023,0.4708315398575177,0.3002661518336622,0.0,0.0,0.11726370426640062
2024,0.5092625678397436,0.32477499609402505,0.0,0.0,0.1268352055751814
2025,0.5667316426869917,0.3614250853362324,0.0,0.0,0.14114825817864698
2026,1.8365625389305098,1.1712417701104005,0.0,0.0,0.4574080285638251
2027,2.000914262189168,1.2760547558866768,0.0,0.0,0.49834091058296265
2028,2.2219453234973283,1.4170141874379187,0.0,0.0,0.5533901560408441
2029,2.523367094987316,1.6092416568032317,0.0,0.0,0.628461238751558
2030,3.089643695487919,1.9703765454243705,0.0,0.0,0.7694961656686892
2031,6.0524218315395055,3.8598463755855708,0.0,0.0,1.5073956259683297
2032,6.835027060744222,4.358941785908579,0.0,0.0,1.7023086264495044
2033,7.846299833341187,5.00386668616853,0.0,0.0,1.9541727886812013
2034,9.145435317181708,5.832371956995126,0.0,0.0,2.2777310601282745
2035,10.798981189522445,6.886897437846388,0.0,0.0,2.689557579277288
2036,16.43973723090399,10.484209781218015,0.0,0.0,4.094425121659107
2037,19.038502625938737,12.141535636919418,0.0,0.0,4.74166480495078
2038,22.214390287719638,14.166913051413655,0.0,0.0,5.532640599960363
2039,26.055729118684955,16.61667253229342,0.0,0.0,6.489351403144178
2040,31.016626898553984,19.780414890021216,0.0,0.0,7.724895755866275
2041,42.51072917702174,27.11061596572329,0.0,0.0,10.587577832767678
2042,48.90367143846531,31.18762442679485,0.0,0.0,12.179782320523435
2043,56.32554483906298,35.92081916151563,0.0,0.0,14.028248903313798
2044,64.87985385335026,41.37620868383468,0.0,0.0,16.15875605404195
2045,74.6735860493774,47.62202280130105,0.0,0.0,18.597949733052484
2046,87.03992281964165,55.508479081205415,0.0,0.0,21.6778675701749
2047,99.62583226887183,63.53496472995977,0.0,0.0,24.81247143300204
2048,113.75116164357091,72.54319365193767,0.0,0.0,28.33047799424785
2049,129.4961188415951,82.5843172989795,0.0,0.0,32.251863560548216
2050,146.9228433044499,93.6979642205737,0.0,0.0,36.59210437016488
