,Closed-loop recycling,Open to high- and middle-end recycling,Open to low-end recycling,Incineration,Discard or landfill
2020,0.0,0.0,0.0,0.0,0.0
2021,0.0,0.0,0.0,0.0,0.0
2022,0.0,0.0,0.0,0.0,0.0
2023,0.0,0.0,0.0,0.0,0.0
2024,0.0,0.0,0.0,0.0,0.0
2025,0.0,0.0,0.0,0.0,0.0
2026,9.821860033905983,6.263752248038154,0.0,0.0,2.4461991027841314
2027,9.942266615056052,6.340539841299896,0.0,0.0,2.4761871569573564
2028,10.086543187126429,6.432550183488175,0.0,0.0,2.5121201900012995
2029,10.320794024418474,6.581940340100837,0.0,0.0,2.570461907968374
2030,11.607794631107808,7.402706764744223,0.0,0.0,2.8909979081249633
2031,16.00802015361537,10.20888832438112,0.0,0.0,3.9869031325985445
2032,14.615943673443928,9.321111248347258,0.0,0.0,3.6401972922539594
2033,15.641808453008586,9.97534199456019,0.0,0.0,3.895695690183271
2034,17.899912490687143,11.41541589028727,0.0,0.0,4.458091412774912
2035,22.668981945172106,14.456822448053153,0.0,0.0,5.645859654269279
2036,25.678091520387024,16.375839497907194,0.0,0.0,6.395298265454882
2037,35.34278175583484,22.539358931079576,0.0,0.0,8.802353192019245
2038,48.09547338668019,30.67220755603378,0.0,0.0,11.978495258569406
2039,63.84480232664743,40.71611921963552,0.0,0.0,15.90096963607068
2040,82.29564058152032,52.48288021991296,0.0,0.0,20.49627274860506
2041,104.23211482730152,66.47255624835455,0.0,0.0,25.95969652302604
2042,128.87614141223042,82.18893546666769,0.0,0.0,32.09745408757437
2043,154.51318034852,98.53859425999953,0.0,0.0,38.48252793585781
2044,182.01005955008605,116.07433986401712,0.0,0.0,45.33080728417237
2045,209.7415154008349,133.75968340657016,0.0,0.0,52.237509496057
2046,236.76250292308652,150.99193582642118,0.0,0.0,58.967264878957394
2047,261.8226312765158,166.97367805936287,0.0,0.0,65.2086553367926
2048,283.6514187809084,180.8946783923529,0.0,0.0,70.6452590171319
2049,301.0780755709721,192.00828215658217,0.0,0.0,74.98548297239304
2050,313.09710247904746,199.67324648663777,0.0,0.0,77.97890099478163
