,Closed-loop recycling,Open to high- and middle-end recycling,Open to low-end recycling,Incineration,Discard or landfill
2020,1.2118721068397697e-07,0.0,0.0,0.0,1.1997533857713721e-05
2021,4.833762889886315e-07,0.0,0.0,0.0,4.785425260987452e-05
2022,3.4701108579424854e-06,0.0,0.0,0.0,0.00034354097493630604
2023,1.3849858589155966e-05,0.0,0.0,0.0,0.0013711360003264407
2024,3.897725876780658e-05,0.0,0.0,0.0,0.003858748618012852
2025,8.882043534577696e-05,0.0,0.0,0.0,0.008793223099231919
2026,0.0001762802703245337,0.0,0.0,0.0,0.017451746762128836
2027,0.00031644311003842517,0.0,0.0,0.0,0.031327867893804096
2028,0.0005320940955333699,0.0,0.0,0.0,0.052677315457803624
2029,0.0008531414399931832,0.0,0.0,0.0,0.08446100255932514
2030,0.00131648089083575,0.0,0.0,0.0,0.13033160819273926
2031,0.0019657810926919507,0.0,0.0,0.0,0.1946123281765031
2032,0.0028488144674815993,0.0,0.0,0.0,0.2820326322806783
2033,0.004025738764026309,0.0,0.0,0.0,0.39854813763860464
2034,0.00556620126357208,0.0,0.0,0.0,0.5510539250936358
2035,0.0075474595008434,0.0,0.0,0.0,0.7471984905834965
2036,0.010052171891623838,0.0,0.0,0.0,0.9951650172707599
2037,0.013162553677786258,0.0,0.0,0.0,1.3030928141008395
2038,0.016970772732190956,0.0,0.0,0.0,1.6801065004869045
2039,0.021573585203160155,0.0,0.0,0.0,2.1357849351128553
2040,0.027069402292204097,0.0,0.0,0.0,2.6798708269282057
2041,0.03355583989949013,0.0,0.0,0.0,3.322028150049523
2042,0.04112213576684908,0.0,0.0,0.0,4.071091440918059
2043,0.0498685549279995,0.0,0.0,0.0,4.93698693787195
2044,0.0599004583598778,0.0,0.0,0.0,5.930145377627902
2045,0.07132631995686763,0.0,0.0,0.0,7.061305675729894
2046,0.08425372264048894,0.0,0.0,0.0,8.341118541408406
2047,0.09878368591210487,0.0,0.0,0.0,9.779584905298382
2048,0.11500994850682458,0.0,0.0,0.0,11.385984902175634
2049,0.13301281058471032,0.0,0.0,0.0,13.168268247886319
2050,0.15285378018353066,0.0,0.0,0.0,15.132524238169536
